{
  "name": "3Pad",
  "short_name": "3Pad",
  "screenshots": [
    {
     "src": "/../wp-content/themes/3pad/assets/images/icon_192.png",
      "sizes": "192x192",
      "type": "image/png",
      "form_factor": "narrow"
    },
    {
      "src": "/../wp-content/themes/3pad/assets/images/icon_512.png",
       "sizes": "512x512",
       "type": "image/png",
       "form_factor": "wide"
     }
],
  "icons": [
      { "src": "/../wp-content/themes/3pad/assets/images/icon_192.png", "sizes": "192x192", "type": "image/png" },
      { "src": "/../wp-content/themes/3pad/assets/images/icon_512.png", "sizes": "512x512", "type": "image/png" }
  ],
  "description": "Your Page Revamped",
  "background_color": "#000000",
  "theme_color": "#000000",
  "orientation": "portrait",
  "display": "standalone"

  
}